,Area,MajorAxisLength,MinorAxisLength,Eccentricity,Extent,ConvexArea,Perimeter
Area,1.0,0.9374818583327725,0.8964163582103317,0.3388112143227843,-0.07213024042085692,0.9952514585420429,0.9632181168944146
MajorAxisLength,0.9374818583327725,1.0,0.7213327000955924,0.5750136248416879,-0.2510703066715843,0.9498416969632827,0.9790531622319965
MinorAxisLength,0.8964163582103317,0.7213327000955924,1.0,-0.04517079170068796,0.10204520617792237,0.883794370086804,0.8200809622964818
Eccentricity,0.3388112143227843,0.5750136248416879,-0.04517079170068796,1.0,-0.3878431821614079,0.3511951713772198,0.44165940531514114
Extent,-0.07213024042085692,-0.2510703066715843,0.10204520617792237,-0.3878431821614079,1.0,-0.1156695844236472,-0.22000122446037054
ConvexArea,0.9952514585420429,0.9498416969632827,0.883794370086804,0.3511951713772198,-0.1156695844236472,1.0,0.9790972598461574
Perimeter,0.9632181168944146,0.9790531622319965,0.8200809622964818,0.44165940531514114,-0.22000122446037054,0.9790972598461574,1.0
