feature,coef
Eccentricity,54.10991032860269
MinorAxisLength,1.7230172553133285
MajorAxisLength,1.6985266812510962
ConvexArea,0.007249936104707588
Area,-0.007553948170836304
Extent,-88.81437720448469
