PC,explained_ratio
1,0.997631642955375
2,0.0023677949674928422
3,5.175029040326376e-07
4,4.4572974662885394e-08
5,6.653304241300863e-13
6,5.883380144037635e-13
